layer,step,ok,skipped,seconds,returncode,stdout,stderr
bronze,balanza_cosecha_raw,1,1,0.000,0,C:\Users\paul.loja\PYPROYECTOS\Data-LakeHouse\Data-LakeHouse\src\run_logs\run_20260220_084129\bronze__balanza_cosecha_raw.out.log,C:\Users\paul.loja\PYPROYECTOS\Data-LakeHouse\Data-LakeHouse\src\run_logs\run_20260220_084129\bronze__balanza_cosecha_raw.err.log
bronze,balanza_1c_raw,1,1,0.000,0,C:\Users\paul.loja\PYPROYECTOS\Data-LakeHouse\Data-LakeHouse\src\run_logs\run_20260220_084129\bronze__balanza_1c_raw.out.log,C:\Users\paul.loja\PYPROYECTOS\Data-LakeHouse\Data-LakeHouse\src\run_logs\run_20260220_084129\bronze__balanza_1c_raw.err.log
bronze,balanza_mermas_sources,1,1,0.000,0,C:\Users\paul.loja\PYPROYECTOS\Data-LakeHouse\Data-LakeHouse\src\run_logs\run_20260220_084129\bronze__balanza_mermas_sources.out.log,C:\Users\paul.loja\PYPROYECTOS\Data-LakeHouse\Data-LakeHouse\src\run_logs\run_20260220_084129\bronze__balanza_mermas_sources.err.log
bronze,fenograma_sources,1,1,0.000,0,C:\Users\paul.loja\PYPROYECTOS\Data-LakeHouse\Data-LakeHouse\src\run_logs\run_20260220_084129\bronze__fenograma_sources.out.log,C:\Users\paul.loja\PYPROYECTOS\Data-LakeHouse\Data-LakeHouse\src\run_logs\run_20260220_084129\bronze__fenograma_sources.err.log
bronze,ghu_maestro_horas,1,1,0.000,0,C:\Users\paul.loja\PYPROYECTOS\Data-LakeHouse\Data-LakeHouse\src\run_logs\run_20260220_084129\bronze__ghu_maestro_horas.out.log,C:\Users\paul.loja\PYPROYECTOS\Data-LakeHouse\Data-LakeHouse\src\run_logs\run_20260220_084129\bronze__ghu_maestro_horas.err.log
bronze,personal_sources,1,1,0.000,0,C:\Users\paul.loja\PYPROYECTOS\Data-LakeHouse\Data-LakeHouse\src\run_logs\run_20260220_084129\bronze__personal_sources.out.log,C:\Users\paul.loja\PYPROYECTOS\Data-LakeHouse\Data-LakeHouse\src\run_logs\run_20260220_084129\bronze__personal_sources.err.log
bronze,ventas_sources,1,1,0.000,0,C:\Users\paul.loja\PYPROYECTOS\Data-LakeHouse\Data-LakeHouse\src\run_logs\run_20260220_084129\bronze__ventas_sources.out.log,C:\Users\paul.loja\PYPROYECTOS\Data-LakeHouse\Data-LakeHouse\src\run_logs\run_20260220_084129\bronze__ventas_sources.err.log
bronze,weather_hour_main,1,1,0.000,0,C:\Users\paul.loja\PYPROYECTOS\Data-LakeHouse\Data-LakeHouse\src\run_logs\run_20260220_084129\bronze__weather_hour_main.out.log,C:\Users\paul.loja\PYPROYECTOS\Data-LakeHouse\Data-LakeHouse\src\run_logs\run_20260220_084129\bronze__weather_hour_main.err.log
bronze,weather_hour_a4,1,1,0.000,0,C:\Users\paul.loja\PYPROYECTOS\Data-LakeHouse\Data-LakeHouse\src\run_logs\run_20260220_084129\bronze__weather_hour_a4.out.log,C:\Users\paul.loja\PYPROYECTOS\Data-LakeHouse\Data-LakeHouse\src\run_logs\run_20260220_084129\bronze__weather_hour_a4.err.log
silver,weather_hour_estado,1,1,0.000,0,C:\Users\paul.loja\PYPROYECTOS\Data-LakeHouse\Data-LakeHouse\src\run_logs\run_20260220_084129\silver__weather_hour_estado.out.log,C:\Users\paul.loja\PYPROYECTOS\Data-LakeHouse\Data-LakeHouse\src\run_logs\run_20260220_084129\silver__weather_hour_estado.err.log
silver,weather_hour_wide,1,1,0.000,0,C:\Users\paul.loja\PYPROYECTOS\Data-LakeHouse\Data-LakeHouse\src\run_logs\run_20260220_084129\silver__weather_hour_wide.out.log,C:\Users\paul.loja\PYPROYECTOS\Data-LakeHouse\Data-LakeHouse\src\run_logs\run_20260220_084129\silver__weather_hour_wide.err.log
silver,ciclo_maestro_from_sources,1,1,0.000,0,C:\Users\paul.loja\PYPROYECTOS\Data-LakeHouse\Data-LakeHouse\src\run_logs\run_20260220_084129\silver__ciclo_maestro_from_sources.out.log,C:\Users\paul.loja\PYPROYECTOS\Data-LakeHouse\Data-LakeHouse\src\run_logs\run_20260220_084129\silver__ciclo_maestro_from_sources.err.log
silver,hidratacion_real_from_balanza2,1,1,0.000,0,C:\Users\paul.loja\PYPROYECTOS\Data-LakeHouse\Data-LakeHouse\src\run_logs\run_20260220_084129\silver__hidratacion_real_from_balanza2.out.log,C:\Users\paul.loja\PYPROYECTOS\Data-LakeHouse\Data-LakeHouse\src\run_logs\run_20260220_084129\silver__hidratacion_real_from_balanza2.err.log
silver,fact_cosecha_real_grado_dia,1,1,0.000,0,C:\Users\paul.loja\PYPROYECTOS\Data-LakeHouse\Data-LakeHouse\src\run_logs\run_20260220_084129\silver__fact_cosecha_real_grado_dia.out.log,C:\Users\paul.loja\PYPROYECTOS\Data-LakeHouse\Data-LakeHouse\src\run_logs\run_20260220_084129\silver__fact_cosecha_real_grado_dia.err.log
silver,fact_peso_tallo_real_grado_dia,1,1,0.000,0,C:\Users\paul.loja\PYPROYECTOS\Data-LakeHouse\Data-LakeHouse\src\run_logs\run_20260220_084129\silver__fact_peso_tallo_real_grado_dia.out.log,C:\Users\paul.loja\PYPROYECTOS\Data-LakeHouse\Data-LakeHouse\src\run_logs\run_20260220_084129\silver__fact_peso_tallo_real_grado_dia.err.log
silver,fact_cosecha_uph_hora_clima,1,1,0.000,0,C:\Users\paul.loja\PYPROYECTOS\Data-LakeHouse\Data-LakeHouse\src\run_logs\run_20260220_084129\silver__fact_cosecha_uph_hora_clima.out.log,C:\Users\paul.loja\PYPROYECTOS\Data-LakeHouse\Data-LakeHouse\src\run_logs\run_20260220_084129\silver__fact_cosecha_uph_hora_clima.err.log
silver,dim_dist_grado_baseline,1,1,0.000,0,C:\Users\paul.loja\PYPROYECTOS\Data-LakeHouse\Data-LakeHouse\src\run_logs\run_20260220_084129\silver__dim_dist_grado_baseline.out.log,C:\Users\paul.loja\PYPROYECTOS\Data-LakeHouse\Data-LakeHouse\src\run_logs\run_20260220_084129\silver__dim_dist_grado_baseline.err.log
silver,dim_peso_tallo_baseline,1,1,0.000,0,C:\Users\paul.loja\PYPROYECTOS\Data-LakeHouse\Data-LakeHouse\src\run_logs\run_20260220_084129\silver__dim_peso_tallo_baseline.out.log,C:\Users\paul.loja\PYPROYECTOS\Data-LakeHouse\Data-LakeHouse\src\run_logs\run_20260220_084129\silver__dim_peso_tallo_baseline.err.log
silver,dim_peso_tallo_promedio_dia,1,1,0.000,0,C:\Users\paul.loja\PYPROYECTOS\Data-LakeHouse\Data-LakeHouse\src\run_logs\run_20260220_084129\silver__dim_peso_tallo_promedio_dia.out.log,C:\Users\paul.loja\PYPROYECTOS\Data-LakeHouse\Data-LakeHouse\src\run_logs\run_20260220_084129\silver__dim_peso_tallo_promedio_dia.err.log
silver,dim_factor_uph_cosecha_clima,1,1,0.000,0,C:\Users\paul.loja\PYPROYECTOS\Data-LakeHouse\Data-LakeHouse\src\run_logs\run_20260220_084129\silver__dim_factor_uph_cosecha_clima.out.log,C:\Users\paul.loja\PYPROYECTOS\Data-LakeHouse\Data-LakeHouse\src\run_logs\run_20260220_084129\silver__dim_factor_uph_cosecha_clima.err.log
silver,dim_mermas_ajuste_fecha_post,1,1,0.000,0,C:\Users\paul.loja\PYPROYECTOS\Data-LakeHouse\Data-LakeHouse\src\run_logs\run_20260220_084129\silver__dim_mermas_ajuste_fecha_post.out.log,C:\Users\paul.loja\PYPROYECTOS\Data-LakeHouse\Data-LakeHouse\src\run_logs\run_20260220_084129\silver__dim_mermas_ajuste_fecha_post.err.log
silver,dim_dh_baseline_grado_destino,1,1,0.000,0,C:\Users\paul.loja\PYPROYECTOS\Data-LakeHouse\Data-LakeHouse\src\run_logs\run_20260220_084129\silver__dim_dh_baseline_grado_destino.out.log,C:\Users\paul.loja\PYPROYECTOS\Data-LakeHouse\Data-LakeHouse\src\run_logs\run_20260220_084129\silver__dim_dh_baseline_grado_destino.err.log
silver,dim_hidratacion_fecha_cosecha_grado_destino,1,1,0.000,0,C:\Users\paul.loja\PYPROYECTOS\Data-LakeHouse\Data-LakeHouse\src\run_logs\run_20260220_084129\silver__dim_hidratacion_fecha_cosecha_grado_destino.out.log,C:\Users\paul.loja\PYPROYECTOS\Data-LakeHouse\Data-LakeHouse\src\run_logs\run_20260220_084129\silver__dim_hidratacion_fecha_cosecha_grado_destino.err.log
silver,dim_hidratacion_baseline_grado_destino,1,1,0.000,0,C:\Users\paul.loja\PYPROYECTOS\Data-LakeHouse\Data-LakeHouse\src\run_logs\run_20260220_084129\silver__dim_hidratacion_baseline_grado_destino.out.log,C:\Users\paul.loja\PYPROYECTOS\Data-LakeHouse\Data-LakeHouse\src\run_logs\run_20260220_084129\silver__dim_hidratacion_baseline_grado_destino.err.log
silver,dim_variedad_canon,1,1,0.000,0,C:\Users\paul.loja\PYPROYECTOS\Data-LakeHouse\Data-LakeHouse\src\run_logs\run_20260220_084129\silver__dim_variedad_canon.out.log,C:\Users\paul.loja\PYPROYECTOS\Data-LakeHouse\Data-LakeHouse\src\run_logs\run_20260220_084129\silver__dim_variedad_canon.err.log
silver,dim_clima_bloque_dia,1,1,0.000,0,C:\Users\paul.loja\PYPROYECTOS\Data-LakeHouse\Data-LakeHouse\src\run_logs\run_20260220_084129\silver__dim_clima_bloque_dia.out.log,C:\Users\paul.loja\PYPROYECTOS\Data-LakeHouse\Data-LakeHouse\src\run_logs\run_20260220_084129\silver__dim_clima_bloque_dia.err.log
silver,dim_estado_termico_cultivo_bloque_fecha,1,1,0.000,0,C:\Users\paul.loja\PYPROYECTOS\Data-LakeHouse\Data-LakeHouse\src\run_logs\run_20260220_084129\silver__dim_estado_termico_cultivo_bloque_fecha.out.log,C:\Users\paul.loja\PYPROYECTOS\Data-LakeHouse\Data-LakeHouse\src\run_logs\run_20260220_084129\silver__dim_estado_termico_cultivo_bloque_fecha.err.log
silver,dim_mix_proceso_semana_from_ventas,1,1,0.000,0,C:\Users\paul.loja\PYPROYECTOS\Data-LakeHouse\Data-LakeHouse\src\run_logs\run_20260220_084129\silver__dim_mix_proceso_semana_from_ventas.out.log,C:\Users\paul.loja\PYPROYECTOS\Data-LakeHouse\Data-LakeHouse\src\run_logs\run_20260220_084129\silver__dim_mix_proceso_semana_from_ventas.err.log
silver,fact_capacidad_proceso_hist,1,1,0.000,0,C:\Users\paul.loja\PYPROYECTOS\Data-LakeHouse\Data-LakeHouse\src\run_logs\run_20260220_084129\silver__fact_capacidad_proceso_hist.out.log,C:\Users\paul.loja\PYPROYECTOS\Data-LakeHouse\Data-LakeHouse\src\run_logs\run_20260220_084129\silver__fact_capacidad_proceso_hist.err.log
silver,dim_baseline_capacidad_tallos_h_persona,1,1,0.000,0,C:\Users\paul.loja\PYPROYECTOS\Data-LakeHouse\Data-LakeHouse\src\run_logs\run_20260220_084129\silver__dim_baseline_capacidad_tallos_h_persona.out.log,C:\Users\paul.loja\PYPROYECTOS\Data-LakeHouse\Data-LakeHouse\src\run_logs\run_20260220_084129\silver__dim_baseline_capacidad_tallos_h_persona.err.log
silver,dim_capacidad_baseline_tallos_proceso,1,0,9.589,0,C:\Users\paul.loja\PYPROYECTOS\Data-LakeHouse\Data-LakeHouse\src\run_logs\run_20260220_084129\silver__dim_capacidad_baseline_tallos_proceso.out.log,C:\Users\paul.loja\PYPROYECTOS\Data-LakeHouse\Data-LakeHouse\src\run_logs\run_20260220_084129\silver__dim_capacidad_baseline_tallos_proceso.err.log
silver,milestones_windows,1,1,0.000,0,C:\Users\paul.loja\PYPROYECTOS\Data-LakeHouse\Data-LakeHouse\src\run_logs\run_20260220_084129\silver__milestones_windows.out.log,C:\Users\paul.loja\PYPROYECTOS\Data-LakeHouse\Data-LakeHouse\src\run_logs\run_20260220_084129\silver__milestones_windows.err.log
preds,pred_milestones_baseline,1,1,0.000,0,C:\Users\paul.loja\PYPROYECTOS\Data-LakeHouse\Data-LakeHouse\src\run_logs\run_20260220_084129\preds__pred_milestones_baseline.out.log,C:\Users\paul.loja\PYPROYECTOS\Data-LakeHouse\Data-LakeHouse\src\run_logs\run_20260220_084129\preds__pred_milestones_baseline.err.log
preds,milestones_final,1,1,0.000,0,C:\Users\paul.loja\PYPROYECTOS\Data-LakeHouse\Data-LakeHouse\src\run_logs\run_20260220_084129\preds__milestones_final.out.log,C:\Users\paul.loja\PYPROYECTOS\Data-LakeHouse\Data-LakeHouse\src\run_logs\run_20260220_084129\preds__milestones_final.err.log
preds,dim_mediana_etapas_tipo_sp_variedad_area,1,1,0.000,0,C:\Users\paul.loja\PYPROYECTOS\Data-LakeHouse\Data-LakeHouse\src\run_logs\run_20260220_084129\preds__dim_mediana_etapas_tipo_sp_variedad_area.out.log,C:\Users\paul.loja\PYPROYECTOS\Data-LakeHouse\Data-LakeHouse\src\run_logs\run_20260220_084129\preds__dim_mediana_etapas_tipo_sp_variedad_area.err.log
preds,milestone_window_ciclo_final_with_inference,1,1,0.000,0,C:\Users\paul.loja\PYPROYECTOS\Data-LakeHouse\Data-LakeHouse\src\run_logs\run_20260220_084129\preds__milestone_window_ciclo_final_with_inference.out.log,C:\Users\paul.loja\PYPROYECTOS\Data-LakeHouse\Data-LakeHouse\src\run_logs\run_20260220_084129\preds__milestone_window_ciclo_final_with_inference.err.log
preds,dim_cosecha_progress_bloque_fecha,1,1,0.000,0,C:\Users\paul.loja\PYPROYECTOS\Data-LakeHouse\Data-LakeHouse\src\run_logs\run_20260220_084129\preds__dim_cosecha_progress_bloque_fecha.out.log,C:\Users\paul.loja\PYPROYECTOS\Data-LakeHouse\Data-LakeHouse\src\run_logs\run_20260220_084129\preds__dim_cosecha_progress_bloque_fecha.err.log
preds,pred_oferta_dia,1,1,0.000,0,C:\Users\paul.loja\PYPROYECTOS\Data-LakeHouse\Data-LakeHouse\src\run_logs\run_20260220_084129\preds__pred_oferta_dia.out.log,C:\Users\paul.loja\PYPROYECTOS\Data-LakeHouse\Data-LakeHouse\src\run_logs\run_20260220_084129\preds__pred_oferta_dia.err.log
preds,pred_oferta_grado,1,1,0.000,0,C:\Users\paul.loja\PYPROYECTOS\Data-LakeHouse\Data-LakeHouse\src\run_logs\run_20260220_084129\preds__pred_oferta_grado.out.log,C:\Users\paul.loja\PYPROYECTOS\Data-LakeHouse\Data-LakeHouse\src\run_logs\run_20260220_084129\preds__pred_oferta_grado.err.log
preds,pred_peso_grado,1,1,0.000,0,C:\Users\paul.loja\PYPROYECTOS\Data-LakeHouse\Data-LakeHouse\src\run_logs\run_20260220_084129\preds__pred_peso_grado.out.log,C:\Users\paul.loja\PYPROYECTOS\Data-LakeHouse\Data-LakeHouse\src\run_logs\run_20260220_084129\preds__pred_peso_grado.err.log
preds,pred_peso_hidratado_grado,1,1,0.000,0,C:\Users\paul.loja\PYPROYECTOS\Data-LakeHouse\Data-LakeHouse\src\run_logs\run_20260220_084129\preds__pred_peso_hidratado_grado.out.log,C:\Users\paul.loja\PYPROYECTOS\Data-LakeHouse\Data-LakeHouse\src\run_logs\run_20260220_084129\preds__pred_peso_hidratado_grado.err.log
preds,pred_peso_final_ajustado_grado,1,1,0.000,0,C:\Users\paul.loja\PYPROYECTOS\Data-LakeHouse\Data-LakeHouse\src\run_logs\run_20260220_084129\preds__pred_peso_final_ajustado_grado.out.log,C:\Users\paul.loja\PYPROYECTOS\Data-LakeHouse\Data-LakeHouse\src\run_logs\run_20260220_084129\preds__pred_peso_final_ajustado_grado.err.log
preds,pred_cajas_from_peso_final,1,1,0.000,0,C:\Users\paul.loja\PYPROYECTOS\Data-LakeHouse\Data-LakeHouse\src\run_logs\run_20260220_084129\preds__pred_cajas_from_peso_final.out.log,C:\Users\paul.loja\PYPROYECTOS\Data-LakeHouse\Data-LakeHouse\src\run_logs\run_20260220_084129\preds__pred_cajas_from_peso_final.err.log
preds,pred_tallos_cosecha_dia,1,1,0.000,0,C:\Users\paul.loja\PYPROYECTOS\Data-LakeHouse\Data-LakeHouse\src\run_logs\run_20260220_084129\preds__pred_tallos_cosecha_dia.out.log,C:\Users\paul.loja\PYPROYECTOS\Data-LakeHouse\Data-LakeHouse\src\run_logs\run_20260220_084129\preds__pred_tallos_cosecha_dia.err.log
preds,capacidad_cosecha_dia,1,1,0.000,0,C:\Users\paul.loja\PYPROYECTOS\Data-LakeHouse\Data-LakeHouse\src\run_logs\run_20260220_084129\preds__capacidad_cosecha_dia.out.log,C:\Users\paul.loja\PYPROYECTOS\Data-LakeHouse\Data-LakeHouse\src\run_logs\run_20260220_084129\preds__capacidad_cosecha_dia.err.log
preds,pred_horas_poscosecha,1,1,0.000,0,C:\Users\paul.loja\PYPROYECTOS\Data-LakeHouse\Data-LakeHouse\src\run_logs\run_20260220_084129\preds__pred_horas_poscosecha.out.log,C:\Users\paul.loja\PYPROYECTOS\Data-LakeHouse\Data-LakeHouse\src\run_logs\run_20260220_084129\preds__pred_horas_poscosecha.err.log
preds,pred_plan_horas_dia,1,1,0.000,0,C:\Users\paul.loja\PYPROYECTOS\Data-LakeHouse\Data-LakeHouse\src\run_logs\run_20260220_084129\preds__pred_plan_horas_dia.out.log,C:\Users\paul.loja\PYPROYECTOS\Data-LakeHouse\Data-LakeHouse\src\run_logs\run_20260220_084129\preds__pred_plan_horas_dia.err.log
preds,patch_ciclo_maestro_from_pred_tallos,1,1,0.000,0,C:\Users\paul.loja\PYPROYECTOS\Data-LakeHouse\Data-LakeHouse\src\run_logs\run_20260220_084129\preds__patch_ciclo_maestro_from_pred_tallos.out.log,C:\Users\paul.loja\PYPROYECTOS\Data-LakeHouse\Data-LakeHouse\src\run_logs\run_20260220_084129\preds__patch_ciclo_maestro_from_pred_tallos.err.log
features,features_ciclo_fecha,1,1,0.000,0,C:\Users\paul.loja\PYPROYECTOS\Data-LakeHouse\Data-LakeHouse\src\run_logs\run_20260220_084129\features__features_ciclo_fecha.out.log,C:\Users\paul.loja\PYPROYECTOS\Data-LakeHouse\Data-LakeHouse\src\run_logs\run_20260220_084129\features__features_ciclo_fecha.err.log
models,features_harvest_window_ml1,1,1,0.000,0,C:\Users\paul.loja\PYPROYECTOS\Data-LakeHouse\Data-LakeHouse\src\run_logs\run_20260220_084129\models__features_harvest_window_ml1.out.log,C:\Users\paul.loja\PYPROYECTOS\Data-LakeHouse\Data-LakeHouse\src\run_logs\run_20260220_084129\models__features_harvest_window_ml1.err.log
models,apply_harvest_window_ml1,1,1,0.000,0,C:\Users\paul.loja\PYPROYECTOS\Data-LakeHouse\Data-LakeHouse\src\run_logs\run_20260220_084129\models__apply_harvest_window_ml1.out.log,C:\Users\paul.loja\PYPROYECTOS\Data-LakeHouse\Data-LakeHouse\src\run_logs\run_20260220_084129\models__apply_harvest_window_ml1.err.log
models,universe_harvest_grid_ml1,1,1,0.000,0,C:\Users\paul.loja\PYPROYECTOS\Data-LakeHouse\Data-LakeHouse\src\run_logs\run_20260220_084129\models__universe_harvest_grid_ml1.out.log,C:\Users\paul.loja\PYPROYECTOS\Data-LakeHouse\Data-LakeHouse\src\run_logs\run_20260220_084129\models__universe_harvest_grid_ml1.err.log
models,features_curva_cosecha_bloque_dia,1,1,0.000,0,C:\Users\paul.loja\PYPROYECTOS\Data-LakeHouse\Data-LakeHouse\src\run_logs\run_20260220_084129\models__features_curva_cosecha_bloque_dia.out.log,C:\Users\paul.loja\PYPROYECTOS\Data-LakeHouse\Data-LakeHouse\src\run_logs\run_20260220_084129\models__features_curva_cosecha_bloque_dia.err.log
models,cap_tallos_real_dia,1,1,0.000,0,C:\Users\paul.loja\PYPROYECTOS\Data-LakeHouse\Data-LakeHouse\src\run_logs\run_20260220_084129\models__cap_tallos_real_dia.out.log,C:\Users\paul.loja\PYPROYECTOS\Data-LakeHouse\Data-LakeHouse\src\run_logs\run_20260220_084129\models__cap_tallos_real_dia.err.log
models,targets_curva_beta_params,1,1,0.000,0,C:\Users\paul.loja\PYPROYECTOS\Data-LakeHouse\Data-LakeHouse\src\run_logs\run_20260220_084129\models__targets_curva_beta_params.out.log,C:\Users\paul.loja\PYPROYECTOS\Data-LakeHouse\Data-LakeHouse\src\run_logs\run_20260220_084129\models__targets_curva_beta_params.err.log
models,targets_curva_beta_multiplier_dia,1,1,0.000,0,C:\Users\paul.loja\PYPROYECTOS\Data-LakeHouse\Data-LakeHouse\src\run_logs\run_20260220_084129\models__targets_curva_beta_multiplier_dia.out.log,C:\Users\paul.loja\PYPROYECTOS\Data-LakeHouse\Data-LakeHouse\src\run_logs\run_20260220_084129\models__targets_curva_beta_multiplier_dia.err.log
models,features_cosecha_bloque_fecha,1,1,0.000,0,C:\Users\paul.loja\PYPROYECTOS\Data-LakeHouse\Data-LakeHouse\src\run_logs\run_20260220_084129\models__features_cosecha_bloque_fecha.out.log,C:\Users\paul.loja\PYPROYECTOS\Data-LakeHouse\Data-LakeHouse\src\run_logs\run_20260220_084129\models__features_cosecha_bloque_fecha.err.log
models,apply_dist_grado_ml1,1,1,0.000,0,C:\Users\paul.loja\PYPROYECTOS\Data-LakeHouse\Data-LakeHouse\src\run_logs\run_20260220_084129\models__apply_dist_grado_ml1.out.log,C:\Users\paul.loja\PYPROYECTOS\Data-LakeHouse\Data-LakeHouse\src\run_logs\run_20260220_084129\models__apply_dist_grado_ml1.err.log
models,features_peso_tallo_grado_bloque_dia,1,1,0.000,0,C:\Users\paul.loja\PYPROYECTOS\Data-LakeHouse\Data-LakeHouse\src\run_logs\run_20260220_084129\models__features_peso_tallo_grado_bloque_dia.out.log,C:\Users\paul.loja\PYPROYECTOS\Data-LakeHouse\Data-LakeHouse\src\run_logs\run_20260220_084129\models__features_peso_tallo_grado_bloque_dia.err.log
models,apply_peso_tallo_grado_ml1,1,1,0.000,0,C:\Users\paul.loja\PYPROYECTOS\Data-LakeHouse\Data-LakeHouse\src\run_logs\run_20260220_084129\models__apply_peso_tallo_grado_ml1.out.log,C:\Users\paul.loja\PYPROYECTOS\Data-LakeHouse\Data-LakeHouse\src\run_logs\run_20260220_084129\models__apply_peso_tallo_grado_ml1.err.log
models,apply_curva_beta_params,1,0,7.126,0,C:\Users\paul.loja\PYPROYECTOS\Data-LakeHouse\Data-LakeHouse\src\run_logs\run_20260220_084129\models__apply_curva_beta_params.out.log,C:\Users\paul.loja\PYPROYECTOS\Data-LakeHouse\Data-LakeHouse\src\run_logs\run_20260220_084129\models__apply_curva_beta_params.err.log
gold,pred_tallos_grado_dia_ml1,1,1,0.000,0,C:\Users\paul.loja\PYPROYECTOS\Data-LakeHouse\Data-LakeHouse\src\run_logs\run_20260220_084129\gold__pred_tallos_grado_dia_ml1.out.log,C:\Users\paul.loja\PYPROYECTOS\Data-LakeHouse\Data-LakeHouse\src\run_logs\run_20260220_084129\gold__pred_tallos_grado_dia_ml1.err.log
gold,pred_tallos_grado_dia_ml1_full,1,1,0.000,0,C:\Users\paul.loja\PYPROYECTOS\Data-LakeHouse\Data-LakeHouse\src\run_logs\run_20260220_084129\gold__pred_tallos_grado_dia_ml1_full.out.log,C:\Users\paul.loja\PYPROYECTOS\Data-LakeHouse\Data-LakeHouse\src\run_logs\run_20260220_084129\gold__pred_tallos_grado_dia_ml1_full.err.log
gold,pred_kg_cajas_grado_dia_ml1_full,1,1,0.000,0,C:\Users\paul.loja\PYPROYECTOS\Data-LakeHouse\Data-LakeHouse\src\run_logs\run_20260220_084129\gold__pred_kg_cajas_grado_dia_ml1_full.out.log,C:\Users\paul.loja\PYPROYECTOS\Data-LakeHouse\Data-LakeHouse\src\run_logs\run_20260220_084129\gold__pred_kg_cajas_grado_dia_ml1_full.err.log
gold,pred_cajas_postcosecha_seed_mix_grado_dia,1,1,0.000,0,C:\Users\paul.loja\PYPROYECTOS\Data-LakeHouse\Data-LakeHouse\src\run_logs\run_20260220_084129\gold__pred_cajas_postcosecha_seed_mix_grado_dia.out.log,C:\Users\paul.loja\PYPROYECTOS\Data-LakeHouse\Data-LakeHouse\src\run_logs\run_20260220_084129\gold__pred_cajas_postcosecha_seed_mix_grado_dia.err.log
gold,apply_dh_poscosecha_ml1,1,1,0.000,0,C:\Users\paul.loja\PYPROYECTOS\Data-LakeHouse\Data-LakeHouse\src\run_logs\run_20260220_084129\gold__apply_dh_poscosecha_ml1.out.log,C:\Users\paul.loja\PYPROYECTOS\Data-LakeHouse\Data-LakeHouse\src\run_logs\run_20260220_084129\gold__apply_dh_poscosecha_ml1.err.log
gold,apply_hidr_poscosecha_ml1,1,1,0.000,0,C:\Users\paul.loja\PYPROYECTOS\Data-LakeHouse\Data-LakeHouse\src\run_logs\run_20260220_084129\gold__apply_hidr_poscosecha_ml1.out.log,C:\Users\paul.loja\PYPROYECTOS\Data-LakeHouse\Data-LakeHouse\src\run_logs\run_20260220_084129\gold__apply_hidr_poscosecha_ml1.err.log
gold,apply_desp_ajuste_poscosecha_ml1,1,1,0.000,0,C:\Users\paul.loja\PYPROYECTOS\Data-LakeHouse\Data-LakeHouse\src\run_logs\run_20260220_084129\gold__apply_desp_ajuste_poscosecha_ml1.out.log,C:\Users\paul.loja\PYPROYECTOS\Data-LakeHouse\Data-LakeHouse\src\run_logs\run_20260220_084129\gold__apply_desp_ajuste_poscosecha_ml1.err.log
gold,pred_poscosecha_ml1_views,1,1,0.000,0,C:\Users\paul.loja\PYPROYECTOS\Data-LakeHouse\Data-LakeHouse\src\run_logs\run_20260220_084129\gold__pred_poscosecha_ml1_views.out.log,C:\Users\paul.loja\PYPROYECTOS\Data-LakeHouse\Data-LakeHouse\src\run_logs\run_20260220_084129\gold__pred_poscosecha_ml1_views.err.log
gold,view_planificacion_campo_tallos,1,1,0.000,0,C:\Users\paul.loja\PYPROYECTOS\Data-LakeHouse\Data-LakeHouse\src\run_logs\run_20260220_084129\gold__view_planificacion_campo_tallos.out.log,C:\Users\paul.loja\PYPROYECTOS\Data-LakeHouse\Data-LakeHouse\src\run_logs\run_20260220_084129\gold__view_planificacion_campo_tallos.err.log
gold,postprocess_curva_share_smooth_ml1,1,0,1.313,0,C:\Users\paul.loja\PYPROYECTOS\Data-LakeHouse\Data-LakeHouse\src\run_logs\run_20260220_084129\gold__postprocess_curva_share_smooth_ml1.out.log,C:\Users\paul.loja\PYPROYECTOS\Data-LakeHouse\Data-LakeHouse\src\run_logs\run_20260220_084129\gold__postprocess_curva_share_smooth_ml1.err.log
ml2,build_ds_harvest_start_ml2_v2,1,0,35.747,0,C:\Users\paul.loja\PYPROYECTOS\Data-LakeHouse\Data-LakeHouse\src\run_logs\run_20260220_084129\ml2__build_ds_harvest_start_ml2_v2.out.log,C:\Users\paul.loja\PYPROYECTOS\Data-LakeHouse\Data-LakeHouse\src\run_logs\run_20260220_084129\ml2__build_ds_harvest_start_ml2_v2.err.log
ml2,train_harvest_start_ml2,1,1,0.000,0,C:\Users\paul.loja\PYPROYECTOS\Data-LakeHouse\Data-LakeHouse\src\run_logs\run_20260220_084129\ml2__train_harvest_start_ml2.out.log,C:\Users\paul.loja\PYPROYECTOS\Data-LakeHouse\Data-LakeHouse\src\run_logs\run_20260220_084129\ml2__train_harvest_start_ml2.err.log
ml2,apply_harvest_start_ml2,1,0,6.076,0,C:\Users\paul.loja\PYPROYECTOS\Data-LakeHouse\Data-LakeHouse\src\run_logs\run_20260220_084129\ml2__apply_harvest_start_ml2.out.log,C:\Users\paul.loja\PYPROYECTOS\Data-LakeHouse\Data-LakeHouse\src\run_logs\run_20260220_084129\ml2__apply_harvest_start_ml2.err.log
ml2,build_ds_harvest_horizon_ml2_v2,1,0,44.101,0,C:\Users\paul.loja\PYPROYECTOS\Data-LakeHouse\Data-LakeHouse\src\run_logs\run_20260220_084129\ml2__build_ds_harvest_horizon_ml2_v2.out.log,C:\Users\paul.loja\PYPROYECTOS\Data-LakeHouse\Data-LakeHouse\src\run_logs\run_20260220_084129\ml2__build_ds_harvest_horizon_ml2_v2.err.log
ml2,train_harvest_horizon_ml2,1,1,0.000,0,C:\Users\paul.loja\PYPROYECTOS\Data-LakeHouse\Data-LakeHouse\src\run_logs\run_20260220_084129\ml2__train_harvest_horizon_ml2.out.log,C:\Users\paul.loja\PYPROYECTOS\Data-LakeHouse\Data-LakeHouse\src\run_logs\run_20260220_084129\ml2__train_harvest_horizon_ml2.err.log
ml2,apply_harvest_horizon_ml2,1,0,5.662,0,C:\Users\paul.loja\PYPROYECTOS\Data-LakeHouse\Data-LakeHouse\src\run_logs\run_20260220_084129\ml2__apply_harvest_horizon_ml2.out.log,C:\Users\paul.loja\PYPROYECTOS\Data-LakeHouse\Data-LakeHouse\src\run_logs\run_20260220_084129\ml2__apply_harvest_horizon_ml2.err.log
ml2,universe_harvest_grid_ml2,1,1,0.000,0,C:\Users\paul.loja\PYPROYECTOS\Data-LakeHouse\Data-LakeHouse\src\run_logs\run_20260220_084129\ml2__universe_harvest_grid_ml2.out.log,C:\Users\paul.loja\PYPROYECTOS\Data-LakeHouse\Data-LakeHouse\src\run_logs\run_20260220_084129\ml2__universe_harvest_grid_ml2.err.log
ml2,build_ds_tallos_curve_ml2_v2,1,0,1.391,0,C:\Users\paul.loja\PYPROYECTOS\Data-LakeHouse\Data-LakeHouse\src\run_logs\run_20260220_084129\ml2__build_ds_tallos_curve_ml2_v2.out.log,C:\Users\paul.loja\PYPROYECTOS\Data-LakeHouse\Data-LakeHouse\src\run_logs\run_20260220_084129\ml2__build_ds_tallos_curve_ml2_v2.err.log
ml2,train_tallos_curve_ml2,1,1,0.000,0,C:\Users\paul.loja\PYPROYECTOS\Data-LakeHouse\Data-LakeHouse\src\run_logs\run_20260220_084129\ml2__train_tallos_curve_ml2.out.log,C:\Users\paul.loja\PYPROYECTOS\Data-LakeHouse\Data-LakeHouse\src\run_logs\run_20260220_084129\ml2__train_tallos_curve_ml2.err.log
ml2,apply_tallos_curve_ml2,1,0,4.938,0,C:\Users\paul.loja\PYPROYECTOS\Data-LakeHouse\Data-LakeHouse\src\run_logs\run_20260220_084129\ml2__apply_tallos_curve_ml2.out.log,C:\Users\paul.loja\PYPROYECTOS\Data-LakeHouse\Data-LakeHouse\src\run_logs\run_20260220_084129\ml2__apply_tallos_curve_ml2.err.log
ml2,build_ds_share_grado_ml2_v1,1,0,1.981,0,C:\Users\paul.loja\PYPROYECTOS\Data-LakeHouse\Data-LakeHouse\src\run_logs\run_20260220_084129\ml2__build_ds_share_grado_ml2_v1.out.log,C:\Users\paul.loja\PYPROYECTOS\Data-LakeHouse\Data-LakeHouse\src\run_logs\run_20260220_084129\ml2__build_ds_share_grado_ml2_v1.err.log
ml2,train_share_grado_ml2,1,1,0.000,0,C:\Users\paul.loja\PYPROYECTOS\Data-LakeHouse\Data-LakeHouse\src\run_logs\run_20260220_084129\ml2__train_share_grado_ml2.out.log,C:\Users\paul.loja\PYPROYECTOS\Data-LakeHouse\Data-LakeHouse\src\run_logs\run_20260220_084129\ml2__train_share_grado_ml2.err.log
ml2,apply_share_grado_ml2,1,0,6.748,0,C:\Users\paul.loja\PYPROYECTOS\Data-LakeHouse\Data-LakeHouse\src\run_logs\run_20260220_084129\ml2__apply_share_grado_ml2.out.log,C:\Users\paul.loja\PYPROYECTOS\Data-LakeHouse\Data-LakeHouse\src\run_logs\run_20260220_084129\ml2__apply_share_grado_ml2.err.log
ml2,build_ds_peso_tallo_ml2_v1,1,0,1.739,0,C:\Users\paul.loja\PYPROYECTOS\Data-LakeHouse\Data-LakeHouse\src\run_logs\run_20260220_084129\ml2__build_ds_peso_tallo_ml2_v1.out.log,C:\Users\paul.loja\PYPROYECTOS\Data-LakeHouse\Data-LakeHouse\src\run_logs\run_20260220_084129\ml2__build_ds_peso_tallo_ml2_v1.err.log
ml2,train_peso_tallo_ml2,1,1,0.000,0,C:\Users\paul.loja\PYPROYECTOS\Data-LakeHouse\Data-LakeHouse\src\run_logs\run_20260220_084129\ml2__train_peso_tallo_ml2.out.log,C:\Users\paul.loja\PYPROYECTOS\Data-LakeHouse\Data-LakeHouse\src\run_logs\run_20260220_084129\ml2__train_peso_tallo_ml2.err.log
ml2,apply_peso_tallo_ml2,1,0,11.384,0,C:\Users\paul.loja\PYPROYECTOS\Data-LakeHouse\Data-LakeHouse\src\run_logs\run_20260220_084129\ml2__apply_peso_tallo_ml2.out.log,C:\Users\paul.loja\PYPROYECTOS\Data-LakeHouse\Data-LakeHouse\src\run_logs\run_20260220_084129\ml2__apply_peso_tallo_ml2.err.log
ml2,build_ds_dh_poscosecha_ml2_v1,1,0,3.107,0,C:\Users\paul.loja\PYPROYECTOS\Data-LakeHouse\Data-LakeHouse\src\run_logs\run_20260220_084129\ml2__build_ds_dh_poscosecha_ml2_v1.out.log,C:\Users\paul.loja\PYPROYECTOS\Data-LakeHouse\Data-LakeHouse\src\run_logs\run_20260220_084129\ml2__build_ds_dh_poscosecha_ml2_v1.err.log
ml2,train_dh_poscosecha_ml2,1,1,0.000,0,C:\Users\paul.loja\PYPROYECTOS\Data-LakeHouse\Data-LakeHouse\src\run_logs\run_20260220_084129\ml2__train_dh_poscosecha_ml2.out.log,C:\Users\paul.loja\PYPROYECTOS\Data-LakeHouse\Data-LakeHouse\src\run_logs\run_20260220_084129\ml2__train_dh_poscosecha_ml2.err.log
ml2,apply_dh_poscosecha_ml2,1,0,9.049,0,C:\Users\paul.loja\PYPROYECTOS\Data-LakeHouse\Data-LakeHouse\src\run_logs\run_20260220_084129\ml2__apply_dh_poscosecha_ml2.out.log,C:\Users\paul.loja\PYPROYECTOS\Data-LakeHouse\Data-LakeHouse\src\run_logs\run_20260220_084129\ml2__apply_dh_poscosecha_ml2.err.log
ml2,build_ds_hidr_poscosecha_ml2_v1,1,0,5.676,0,C:\Users\paul.loja\PYPROYECTOS\Data-LakeHouse\Data-LakeHouse\src\run_logs\run_20260220_084129\ml2__build_ds_hidr_poscosecha_ml2_v1.out.log,C:\Users\paul.loja\PYPROYECTOS\Data-LakeHouse\Data-LakeHouse\src\run_logs\run_20260220_084129\ml2__build_ds_hidr_poscosecha_ml2_v1.err.log
ml2,train_hidr_poscosecha_ml2,1,1,0.000,0,C:\Users\paul.loja\PYPROYECTOS\Data-LakeHouse\Data-LakeHouse\src\run_logs\run_20260220_084129\ml2__train_hidr_poscosecha_ml2.out.log,C:\Users\paul.loja\PYPROYECTOS\Data-LakeHouse\Data-LakeHouse\src\run_logs\run_20260220_084129\ml2__train_hidr_poscosecha_ml2.err.log
ml2,apply_hidr_poscosecha_ml2,1,0,11.698,0,C:\Users\paul.loja\PYPROYECTOS\Data-LakeHouse\Data-LakeHouse\src\run_logs\run_20260220_084129\ml2__apply_hidr_poscosecha_ml2.out.log,C:\Users\paul.loja\PYPROYECTOS\Data-LakeHouse\Data-LakeHouse\src\run_logs\run_20260220_084129\ml2__apply_hidr_poscosecha_ml2.err.log
ml2,build_ds_desp_poscosecha_ml2_v1,1,0,2.905,0,C:\Users\paul.loja\PYPROYECTOS\Data-LakeHouse\Data-LakeHouse\src\run_logs\run_20260220_084129\ml2__build_ds_desp_poscosecha_ml2_v1.out.log,C:\Users\paul.loja\PYPROYECTOS\Data-LakeHouse\Data-LakeHouse\src\run_logs\run_20260220_084129\ml2__build_ds_desp_poscosecha_ml2_v1.err.log
ml2,train_desp_poscosecha_ml2,1,1,0.000,0,C:\Users\paul.loja\PYPROYECTOS\Data-LakeHouse\Data-LakeHouse\src\run_logs\run_20260220_084129\ml2__train_desp_poscosecha_ml2.out.log,C:\Users\paul.loja\PYPROYECTOS\Data-LakeHouse\Data-LakeHouse\src\run_logs\run_20260220_084129\ml2__train_desp_poscosecha_ml2.err.log
ml2,apply_desp_poscosecha_ml2,1,0,11.484,0,C:\Users\paul.loja\PYPROYECTOS\Data-LakeHouse\Data-LakeHouse\src\run_logs\run_20260220_084129\ml2__apply_desp_poscosecha_ml2.out.log,C:\Users\paul.loja\PYPROYECTOS\Data-LakeHouse\Data-LakeHouse\src\run_logs\run_20260220_084129\ml2__apply_desp_poscosecha_ml2.err.log
ml2,build_ds_ajuste_poscosecha_ml2_v1,1,0,2.305,0,C:\Users\paul.loja\PYPROYECTOS\Data-LakeHouse\Data-LakeHouse\src\run_logs\run_20260220_084129\ml2__build_ds_ajuste_poscosecha_ml2_v1.out.log,C:\Users\paul.loja\PYPROYECTOS\Data-LakeHouse\Data-LakeHouse\src\run_logs\run_20260220_084129\ml2__build_ds_ajuste_poscosecha_ml2_v1.err.log
ml2,train_ajuste_poscosecha_ml2,1,1,0.000,0,C:\Users\paul.loja\PYPROYECTOS\Data-LakeHouse\Data-LakeHouse\src\run_logs\run_20260220_084129\ml2__train_ajuste_poscosecha_ml2.out.log,C:\Users\paul.loja\PYPROYECTOS\Data-LakeHouse\Data-LakeHouse\src\run_logs\run_20260220_084129\ml2__train_ajuste_poscosecha_ml2.err.log
ml2,apply_ajuste_poscosecha_ml2,1,0,10.153,0,C:\Users\paul.loja\PYPROYECTOS\Data-LakeHouse\Data-LakeHouse\src\run_logs\run_20260220_084129\ml2__apply_ajuste_poscosecha_ml2.out.log,C:\Users\paul.loja\PYPROYECTOS\Data-LakeHouse\Data-LakeHouse\src\run_logs\run_20260220_084129\ml2__apply_ajuste_poscosecha_ml2.err.log
ml2,build_pred_tallos_ml2_full,1,0,1.169,0,C:\Users\paul.loja\PYPROYECTOS\Data-LakeHouse\Data-LakeHouse\src\run_logs\run_20260220_084129\ml2__build_pred_tallos_ml2_full.out.log,C:\Users\paul.loja\PYPROYECTOS\Data-LakeHouse\Data-LakeHouse\src\run_logs\run_20260220_084129\ml2__build_pred_tallos_ml2_full.err.log
ml2,build_pred_kg_cajas_ml2,1,0,2.332,0,C:\Users\paul.loja\PYPROYECTOS\Data-LakeHouse\Data-LakeHouse\src\run_logs\run_20260220_084129\ml2__build_pred_kg_cajas_ml2.out.log,C:\Users\paul.loja\PYPROYECTOS\Data-LakeHouse\Data-LakeHouse\src\run_logs\run_20260220_084129\ml2__build_pred_kg_cajas_ml2.err.log
ml2,build_pred_poscosecha_ml2_seed_mix_grado_dia,1,1,0.000,0,C:\Users\paul.loja\PYPROYECTOS\Data-LakeHouse\Data-LakeHouse\src\run_logs\run_20260220_084129\ml2__build_pred_poscosecha_ml2_seed_mix_grado_dia.out.log,C:\Users\paul.loja\PYPROYECTOS\Data-LakeHouse\Data-LakeHouse\src\run_logs\run_20260220_084129\ml2__build_pred_poscosecha_ml2_seed_mix_grado_dia.err.log
ml2,apply_dh_poscosecha_ml1_on_ml2_seed,1,1,0.000,0,C:\Users\paul.loja\PYPROYECTOS\Data-LakeHouse\Data-LakeHouse\src\run_logs\run_20260220_084129\ml2__apply_dh_poscosecha_ml1_on_ml2_seed.out.log,C:\Users\paul.loja\PYPROYECTOS\Data-LakeHouse\Data-LakeHouse\src\run_logs\run_20260220_084129\ml2__apply_dh_poscosecha_ml1_on_ml2_seed.err.log
ml2,apply_hidr_poscosecha_ml1_on_ml2_dh,1,1,0.000,0,C:\Users\paul.loja\PYPROYECTOS\Data-LakeHouse\Data-LakeHouse\src\run_logs\run_20260220_084129\ml2__apply_hidr_poscosecha_ml1_on_ml2_dh.out.log,C:\Users\paul.loja\PYPROYECTOS\Data-LakeHouse\Data-LakeHouse\src\run_logs\run_20260220_084129\ml2__apply_hidr_poscosecha_ml1_on_ml2_dh.err.log
ml2,apply_desp_ajuste_poscosecha_ml1_on_ml2_hidr,1,1,0.000,0,C:\Users\paul.loja\PYPROYECTOS\Data-LakeHouse\Data-LakeHouse\src\run_logs\run_20260220_084129\ml2__apply_desp_ajuste_poscosecha_ml1_on_ml2_hidr.out.log,C:\Users\paul.loja\PYPROYECTOS\Data-LakeHouse\Data-LakeHouse\src\run_logs\run_20260220_084129\ml2__apply_desp_ajuste_poscosecha_ml1_on_ml2_hidr.err.log
ml2,build_pred_poscosecha_ml2_views_from_full,1,0,1.315,0,C:\Users\paul.loja\PYPROYECTOS\Data-LakeHouse\Data-LakeHouse\src\run_logs\run_20260220_084129\ml2__build_pred_poscosecha_ml2_views_from_full.out.log,C:\Users\paul.loja\PYPROYECTOS\Data-LakeHouse\Data-LakeHouse\src\run_logs\run_20260220_084129\ml2__build_pred_poscosecha_ml2_views_from_full.err.log
ml2,build_pred_poscosecha_ml2_final_views,1,0,3.897,0,C:\Users\paul.loja\PYPROYECTOS\Data-LakeHouse\Data-LakeHouse\src\run_logs\run_20260220_084129\ml2__build_pred_poscosecha_ml2_final_views.out.log,C:\Users\paul.loja\PYPROYECTOS\Data-LakeHouse\Data-LakeHouse\src\run_logs\run_20260220_084129\ml2__build_pred_poscosecha_ml2_final_views.err.log
eval,kpis_ajuste_poscosecha_ml2,1,0,1.977,0,C:\Users\paul.loja\PYPROYECTOS\Data-LakeHouse\Data-LakeHouse\src\run_logs\run_20260220_084129\eval__kpis_ajuste_poscosecha_ml2.out.log,C:\Users\paul.loja\PYPROYECTOS\Data-LakeHouse\Data-LakeHouse\src\run_logs\run_20260220_084129\eval__kpis_ajuste_poscosecha_ml2.err.log
eval,kpis_desp_poscosecha_ml2,1,0,1.687,0,C:\Users\paul.loja\PYPROYECTOS\Data-LakeHouse\Data-LakeHouse\src\run_logs\run_20260220_084129\eval__kpis_desp_poscosecha_ml2.out.log,C:\Users\paul.loja\PYPROYECTOS\Data-LakeHouse\Data-LakeHouse\src\run_logs\run_20260220_084129\eval__kpis_desp_poscosecha_ml2.err.log
eval,kpis_dh_poscosecha_ml2,1,0,1.551,0,C:\Users\paul.loja\PYPROYECTOS\Data-LakeHouse\Data-LakeHouse\src\run_logs\run_20260220_084129\eval__kpis_dh_poscosecha_ml2.out.log,C:\Users\paul.loja\PYPROYECTOS\Data-LakeHouse\Data-LakeHouse\src\run_logs\run_20260220_084129\eval__kpis_dh_poscosecha_ml2.err.log
eval,kpis_harvest_horizon_ml2,0,0,1.440,1,C:\Users\paul.loja\PYPROYECTOS\Data-LakeHouse\Data-LakeHouse\src\run_logs\run_20260220_084129\eval__kpis_harvest_horizon_ml2.out.log,C:\Users\paul.loja\PYPROYECTOS\Data-LakeHouse\Data-LakeHouse\src\run_logs\run_20260220_084129\eval__kpis_harvest_horizon_ml2.err.log
